"Name","Runtime","Notes","Tags","dropout","lr_backbone","lr_head","model_name","best_macro_f1","epoch","test/accuracy","test/loss","test/macro_f1","train/accuracy","train/loss","train/macro_f1"
"best_cnn_unfrozen","361","-","","0.4281296270118441","0.00027633135433275367","0.0007525866470282737","cnn","0.6159380165093965","1","0.6170212765957447","0.9550980677207312","0.6159380165093965","0.6186267845003399","0.8527689006017602","0.6180767026382247"
"best_cnn_frozen","1278","-","","0.4306825397891027","","0.0011506293234422134","cnn","0.5643466422161096","19","0.5691489361702128","0.9596614092588424","0.5643466422161096","0.566281441196465","0.9040459653605586","0.564171326283888"
"best_bert_unfrozen","159","-","","0.416915416013353","","","bert","0.631738706221081","17","0.6356382978723404","1.0074675033489864","0.631738706221081","0.8164513936097892","0.48200460555760755","0.8166537328236375"
"best_bert_frozen","269","-","","0.3473235249884068","","","bert","0.6234682425158615","25","0.6329787234042553","0.8418305416901907","0.6234682425158615","0.6145479265805575","0.8374767873598181","0.6141738490168108"
"best_lstm","52","-","","0.588742243084956","","","lstm","0.5330281412958578","20","0.5319148936170213","1.8463996996482213","0.5330281412958578","0.8823929299796057","0.33626168966293335","0.8846394870741937"
"best_mlp","32","-","","0.35966351496824767","","","mlp","0.5907116733107911","10","0.6037234042553191","0.8903949956099192","0.5907116733107911","0.6029911624745071","0.8847233510535696","0.5945832022823883"